{
  "project_info": {
    "project_number": "166733733018",
    "project_id": "expense-emulator",
    "storage_bucket": "expense-emulator.firebasestorage.app"
  },
  "client": [
    {
      "client_info": {
        "mobilesdk_app_id": "1:166733733018:android:824c4c646b0b76dab91323",
        "android_client_info": {
          "package_name": "com.example.expense_tracker2"
        }
      },
      "oauth_client": [],
      "api_key": [
        {
          "current_key": "AIzaSyC3--vVF973gq2B3LTJ6Y89Rl946s-c8NE"
        }
      ],
      "services": {
        "appinvite_service": {
          "other_platform_oauth_client": []
        }
      }
    },
    {
      "client_info": {
        "mobilesdk_app_id": "1:166733733018:android:59506bb0cab4f068b91323",
        "android_client_info": {
          "package_name": "com.example.expensetracker"
        }
      },
      "oauth_client": [],
      "api_key": [
        {
          "current_key": "AIzaSyC3--vVF973gq2B3LTJ6Y89Rl946s-c8NE"
        }
      ],
      "services": {
        "appinvite_service": {
          "other_platform_oauth_client": []
        }
      }
    }
  ],
  "configuration_version": "1"
}